vocid,label,colA,colB
2000001,C,0.574026343,0.680697656
2000002,A,0.101637603,0.672576684
2000003,B,0.7934391,0.940417343
2000004,A,0.365941184,0.767437957
2000005,A,0.248130519,0.887697272
2000006,A,0.136992039,0.35592635
2000007,C,0.589806771,0.757372319
2000008,C,0.595399662,0.991399172
2000009,A,0.406435688,0.956373121
2000010,B,0.982597632,0.112061186
2000011,C,0.662195254,0.47123656
2000012,A,0.28427081,0.797855798
2000013,C,0.596248185,0.351450667
2000014,A,0.406169808,0.306154989
2000015,A,0.210582547,0.375969198
2000016,A,0.293411328,0.652512044
2000017,B,0.998684237,0.966574766
2000018,A,0.214255857,0.099842066
2000019,A,0.036127234,0.151904647
2000020,B,0.92836401,0.240259488
2000021,A,0.483612246,0.644400728
2000022,A,0.079675524,0.005466161
2000023,A,0.339609655,0.17062115
2000024,C,0.599727127,0.183185678
2000025,A,0.284894153,0.684121114
2000026,A,0.225269669,0.9147158
2000027,B,0.857306026,0.076782127
2000028,A,0.30947288,0.733278408
2000029,B,0.884369361,0.277586674
2000030,B,0.863789437,0.520313359
2000031,A,0.458650334,0.569728548
2000032,B,0.771966384,0.055550898
2000033,C,0.502252618,0.631043968
2000034,C,0.594694961,0.027491074
2000035,A,0.25606085,0.08675718
2000036,A,0.086064438,0.338028026
2000037,A,0.416086227,0.586192684
2000038,B,0.952985076,0.695847674
2000039,A,0.025072105,0.527961797
2000040,B,0.875926887,0.344983953
2000041,A,0.338369492,0.366076916
2000042,A,0.204787138,0.407194344
2000043,A,0.224891074,0.973694375
2000044,A,0.101024316,0.011489603
2000045,A,0.187090733,0.598273382
2000046,A,0.043101925,0.328977593
2000047,A,0.459159578,0.842784967
2000048,A,0.24612808,0.479171447
2000049,B,0.771669309,0.478524357
2000050,A,0.098483145,0.939436936
2000051,B,0.827733238,0.656843216
2000052,A,0.196366785,0.079429913
2000053,A,0.134394627,0.711571058
2000054,B,0.895073493,0.83267843
2000055,A,0.290716707,0.334642142
2000056,A,0.338217527,0.829076771
2000057,B,0.777335651,0.247235396
2000058,C,0.674349807,0.461191571
2000059,C,0.571758743,0.924098705
2000060,A,0.182855621,0.320232604
2000061,A,0.324140054,0.810164809
2000062,C,0.612611055,0.512340131
2000063,B,0.786520349,0.677181095
2000064,C,0.678795827,0.420795948
2000065,A,0.302797362,0.702456227
2000066,A,0.253147647,0.620421313
2000067,A,0.33736297,0.725649831
2000068,A,0.134356442,0.861883504
2000069,B,0.819791152,0.532723936
2000070,A,0.469844494,0.472154748
2000071,A,0.179690717,0.210752208
2000072,A,0.203384543,0.621957488
2000073,C,0.618295461,0.9862863
2000074,A,0.253463154,0.34982555
2000075,C,0.520735963,0.062013607
2000076,B,0.941175585,0.805358071
2000077,C,0.506498589,0.620180347
2000078,C,0.651300882,0.002015685
2000079,A,0.4515562,0.921290525
2000080,A,0.393340633,0.135025218
2000081,A,0.158146014,0.233429291
2000082,C,0.637187254,0.04263262
2000083,B,0.750738979,0.711450584
2000084,A,0.360396667,0.95446479
2000085,C,0.563156926,0.128804776
2000086,A,0.284436469,0.541480807
2000087,A,0.109359,0.488184899
2000088,A,0.257841147,0.391450822
2000089,B,0.921699796,0.048636693
2000090,B,0.730822909,0.291517083
2000091,B,0.938623199,0.239451163
2000092,A,0.390439837,0.184785721
2000093,A,0.385392421,0.142045215
2000094,A,0.388795269,0.11995489
2000095,A,0.415651619,0.90763789
2000096,C,0.590567239,0.118953272
2000097,B,0.890196645,0.131409667
2000098,A,0.479183292,0.283958613
2000099,A,0.006550501,0.190508664
2000100,B,0.788302475,0.727274768
2000101,C,0.527962512,0.673694604
2000102,B,0.715164214,0.179239259
2000103,B,0.723763656,0.197591431
2000104,A,0.095561675,0.310475409
2000105,B,0.947349254,0.150200807
2000106,A,0.169497824,0.089313053
2000107,A,0.235147896,0.928281438
2000108,B,0.724801484,0.490429136
2000109,B,0.889684121,0.311522933
2000110,A,0.267537855,0.151527785
2000111,C,0.566504946,0.353528173
2000112,A,0.10159269,0.553657715
2000113,C,0.685234055,0.486757728
2000114,C,0.632147202,0.138055232
2000115,A,0.466329896,0.990745876
2000116,C,0.672802589,0.867572267
2000117,B,0.84350189,0.939310695
2000118,C,0.617073546,0.863997819
2000119,C,0.535289859,0.681027027
2000120,A,0.054345172,0.247737143
2000121,B,0.835863781,0.479344889
2000122,A,0.297867531,0.991091993
2000123,A,0.071290746,0.482375919
2000124,C,0.542296198,0.256258041
2000125,A,0.29086457,0.404822301
2000126,A,0.435973894,0.1806349
2000127,B,0.850143075,0.894203269
2000128,A,0.321636297,0.716565695
2000129,A,0.309530252,0.412905858
2000130,B,0.88349106,0.781245927
2000131,C,0.688809786,0.192164175
2000132,A,0.321710275,0.412943489
2000133,B,0.832111655,0.231280065
2000134,C,0.677968004,0.844055748
2000135,A,0.024351366,0.988919798
2000136,B,0.750996063,0.875169852
2000137,C,0.620692112,0.624596428
2000138,A,0.387812083,0.974404811
2000139,A,0.337509493,0.91083698
2000140,C,0.500420142,0.998972076
2000141,B,0.729849876,0.341946401
2000142,A,0.366210003,0.545399061
2000143,A,0.46582494,0.380170111
2000144,A,0.413157071,0.106326288
2000145,C,0.552210837,0.061785766
2000146,B,0.866189259,0.180657244
2000147,B,0.997174938,0.77540733
2000148,A,0.438751274,0.03267495
2000149,B,0.724742969,0.101820163
2000150,B,0.760209469,0.506635257
2000151,C,0.535728306,0.272389731
2000152,B,0.847395237,0.291591529
2000153,A,0.395458387,0.432212801
2000154,B,0.730880774,0.37122957
2000155,A,0.47020187,0.753612989
2000156,A,0.077266159,0.682710886
2000157,A,0.115597344,0.207602126
2000158,A,0.040847139,0.002540007
2000159,C,0.500112488,0.448358224
2000160,A,0.267725551,0.319866327
2000161,B,0.945080365,0.825933721
2000162,A,0.265925921,0.54964036
2000163,A,0.219177431,0.928865563
2000164,A,0.137100389,0.461311209
2000165,B,0.832211882,0.576688026
2000166,A,0.294327825,0.258590905
2000167,A,0.355394919,0.069763649
2000168,C,0.531897296,0.536542839
2000169,A,0.392024049,0.865357343
2000170,C,0.515105346,0.617487087
2000171,C,0.549805506,0.903426832
2000172,B,0.7656514,0.304631995
2000173,B,0.929229455,0.641417681
2000174,A,0.317662762,0.962047814
2000175,B,0.801038382,0.067731481
2000176,A,0.19368318,0.98478413
2000177,B,0.820928057,0.958721375
2000178,C,0.695063844,0.136844663
2000179,C,0.525735253,0.194886518
2000180,A,0.170992955,0.530898186
2000181,A,0.32615286,0.358735235
2000182,A,0.121722871,0.046091094
2000183,C,0.641447238,0.016930557
2000184,A,0.035498964,0.621608646
2000185,A,0.061828388,0.948131363
2000186,A,0.289287153,0.28074898
2000187,A,0.285866552,0.368415463
2000188,A,0.096527464,0.794743702
2000189,C,0.686325773,0.366110956
2000190,A,0.076618707,0.188088579
2000191,A,0.009141639,0.225097885
2000192,A,0.319263402,0.730668892
2000193,A,0.448624626,0.21682146
2000194,B,0.7908207,0.729900136
2000195,C,0.592617789,0.497752689
2000196,C,0.594753866,0.855138935
2000197,B,0.904168959,0.012356143
2000198,A,0.26257252,0.875532173
2000199,C,0.636570411,0.990049821
2000200,A,0.268665373,0.002512241
2000201,B,0.886228204,0.81457449
2000202,C,0.516306251,0.421117523
2000203,B,0.886913143,0.125897452
2000204,A,0.370122552,0.384447002
2000205,A,0.126859328,0.764101042
2000206,A,0.235166676,0.496052082
2000207,C,0.644509561,0.396523984
2000208,B,0.8612013,0.202817298
2000209,C,0.697419643,0.933222426
2000210,A,0.422651113,0.846506182
2000211,C,0.546564631,0.061076341
2000212,A,0.351793354,0.426305477
2000213,A,0.140328282,0.616310442
2000214,C,0.611031377,0.273209625
2000215,B,0.806555642,0.878655274
2000216,A,0.497894922,0.296881429
2000217,B,0.82546444,0.101572282
2000218,A,0.19252383,0.677637697
2000219,B,0.856998479,0.386731562
2000220,A,0.391133732,0.454175338
2000221,B,0.911741438,0.375329318
2000222,A,0.229147084,0.85684593
2000223,A,0.465926043,0.779365276
2000224,A,0.433618991,0.972599868
2000225,C,0.532575541,0.133692417
2000226,B,0.833157058,0.386611736
2000227,A,0.420320451,0.054437393
2000228,A,0.170373403,0.557645795
2000229,A,0.393685458,0.391078844
2000230,A,0.157436245,0.752648522
2000231,C,0.602361759,0.946752531
2000232,A,0.08237817,0.694495788
2000233,B,0.911043772,0.41043907
2000234,A,0.126608224,0.157193786
2000235,B,0.821109468,0.277844235
2000236,A,0.083749948,0.96390346
2000237,B,0.980830337,0.383226943
2000238,A,0.293686842,0.461298401
2000239,C,0.503746178,0.892037832
2000240,A,0.091886282,0.782799621
2000241,A,0.005439312,0.685436825
2000242,A,0.108162163,0.67187966
2000243,A,0.45334614,0.619117557
2000244,C,0.522872839,0.734248988
2000245,A,0.29363814,0.302798284
2000246,C,0.523224505,0.130927867
2000247,B,0.962413484,0.669677234
2000248,A,0.01015288,0.320657667
2000249,A,0.376893705,0.499960068
2000250,A,0.16083153,0.099396629
2000251,A,0.475332602,0.281490751
2000252,B,0.858797512,0.978625312
2000253,B,0.867624623,0.077590182
2000254,C,0.550192081,0.469987223
2000255,A,0.163102201,0.016929563
2000256,A,0.18318405,0.42056359
2000257,B,0.975120324,0.135548445
2000258,C,0.638293181,0.237180043
2000259,C,0.560255137,0.473051767
2000260,A,0.404126122,0.653213934
2000261,A,0.394851446,0.379402122
2000262,A,0.492887979,0.535563408
2000263,B,0.838315948,0.545879217
2000264,C,0.67341494,0.706872932
2000265,A,0.294306515,0.39232771
2000266,C,0.622878438,0.577917546
2000267,C,0.601970074,0.626681575
2000268,C,0.679335718,0.116560098
2000269,A,0.34414339,0.361757184
2000270,B,0.929482725,0.36549353
2000271,B,0.725453087,0.827030812
2000272,B,0.97742417,0.868878163
2000273,A,0.270696378,0.136473848
2000274,A,0.434723173,0.729854784
2000275,A,0.290509811,0.685519508
2000276,A,0.284634622,0.342468538
2000277,B,0.976254003,0.104674678
2000278,C,0.519854058,0.396317773
2000279,A,0.48060915,0.892012627
2000280,C,0.690722351,0.848338061
2000281,A,0.329817637,0.615312774
2000282,B,0.775319146,0.082850118
2000283,B,0.876451467,0.981600242
2000284,A,0.193739893,0.00440032
2000285,A,0.351486493,0.731735566
2000286,A,0.058797656,0.315513307
2000287,C,0.559661729,0.162434231
2000288,A,0.132119284,0.677453173
2000289,C,0.659730776,0.213498223
2000290,A,0.070570307,0.781465247
2000291,A,0.255263181,0.54765948
2000292,B,0.852122557,0.184757958
2000293,B,0.825030495,0.547977207
2000294,C,0.663319324,0.726958769
2000295,B,0.717179523,0.166134669
2000296,C,0.563584516,0.048980466
2000297,A,0.200678408,0.044913251
2000298,C,0.620008383,0.906771921
2000299,A,0.210709832,0.775476232
2000300,B,0.812052218,0.715097782
2000301,A,0.231789192,0.20257053
2000302,A,0.052071479,0.539694906
2000303,C,0.562891509,0.36788054
2000304,B,0.743749388,0.625292405
2000305,C,0.663557443,0.694056986
2000306,B,0.929349017,0.879478344
2000307,A,0.014009422,0.543784634
2000308,C,0.677525071,0.150748068
2000309,C,0.588989096,0.912399019
2000310,A,0.312915039,0.548598583
2000311,A,0.466237958,0.182993735
2000312,B,0.875483348,0.52036023
2000313,A,0.263149771,0.079316156
2000314,B,0.889423637,0.604278191
2000315,A,0.036063202,0.36234701
2000316,A,0.406999241,0.234783909
2000317,A,0.473674457,0.524003317
2000318,B,0.756770227,0.239405754
2000319,C,0.601701071,0.298859467
2000320,A,0.168857211,0.287361615
2000321,B,0.842414434,0.432671997
2000322,A,0.248402356,0.879539346
2000323,A,0.255631735,0.297332629
2000324,A,0.181956797,0.857700112
2000325,B,0.71652672,0.151045406
2000326,A,0.1102577,0.739680962
2000327,B,0.726887695,0.711889486
2000328,A,0.111946161,0.898322043
2000329,A,0.11999502,0.378143812
2000330,C,0.690634997,0.531593153
2000331,A,0.317716323,0.578988701
2000332,A,0.045124099,0.146013107
2000333,A,0.156151162,0.833963205
2000334,A,0.491438934,0.058541354
2000335,B,0.978719309,0.171240637
2000336,B,0.853870368,0.196204893
2000337,A,0.495590395,0.687213914
2000338,C,0.568608587,0.863354055
2000339,B,0.958233773,0.551836157
2000340,A,0.385376452,0.433014531
2000341,C,0.593631012,0.906667597
2000342,A,0.060615979,0.65833405
2000343,B,0.954444254,0.781222155
2000344,B,0.857711009,0.902664743
2000345,B,0.710921443,0.555084218
2000346,B,0.890256839,0.570591342
2000347,C,0.644770086,0.479205998
2000348,B,0.864256894,0.241547276
2000349,C,0.662680811,0.673499853
2000350,A,0.484606595,0.630557428
2000351,C,0.659110228,0.809886356
2000352,B,0.957675089,0.213496669
2000353,B,0.810404954,0.450209808
2000354,C,0.664279558,0.454133878
2000355,A,0.402881835,0.240572093
2000356,A,0.049152322,0.650513554
2000357,A,0.151895504,0.239108738
2000358,B,0.849525638,0.428423405
2000359,C,0.614062387,0.185949534
2000360,A,0.246014524,0.998329074
2000361,B,0.900443642,0.278898876
2000362,B,0.88054241,0.982891947
2000363,A,0.35149496,0.984452847
2000364,A,0.088041344,0.78198754
2000365,A,0.349769818,0.947176357
2000366,A,0.111555056,0.309466182
2000367,C,0.547615822,0.750135386
2000368,C,0.588282315,0.301325232
2000369,B,0.718758449,0.163007365
2000370,A,0.464932917,0.893660974
2000371,B,0.740288502,0.350118798
2000372,A,0.34546154,0.380876806
2000373,C,0.51918769,0.043772873
2000374,A,0.318704056,0.775989449
2000375,A,0.345915435,0.760601017
2000376,C,0.575980387,0.735176035
2000377,A,0.144542079,0.477928224
2000378,A,0.320542191,0.96873598
2000379,B,0.984553396,0.404580703
2000380,A,0.239397856,0.499331856
2000381,A,0.441182195,0.477272933
2000382,A,0.444393936,0.139909067
2000383,A,0.266655065,0.10595098
2000384,A,0.11491728,0.690221041
2000385,B,0.750918733,0.608079632
2000386,C,0.527406884,0.81151563
2000387,B,0.754589892,0.508967165
2000388,C,0.548635454,0.809941627
2000389,A,0.120445331,0.764339717
2000390,A,0.163611155,0.007617475
2000391,A,0.43244082,0.575007956
2000392,A,0.198843262,0.232160497
2000393,A,0.436449229,0.071954724
2000394,C,0.512897799,0.436277979
2000395,B,0.851586827,0.255109876
2000396,A,0.133471957,0.119748479
2000397,B,0.935444096,0.585339955
2000398,C,0.587528312,0.463888923
2000399,B,0.956942038,0.188514907
2000400,C,0.565464006,0.250616312
2000401,B,0.901180281,0.103986578
2000402,B,0.797984263,0.157364054
2000403,A,0.046670007,0.646958292
2000404,A,0.475960403,0.08987065
2000405,A,0.367786173,0.428204232
2000406,A,0.248991454,0.862514673
2000407,A,0.314304904,0.139028262
2000408,C,0.520189107,0.343243242
2000409,A,0.474905478,0.367966568
2000410,A,0.30278853,0.967907455
2000411,A,0.227856672,0.164918697
2000412,C,0.587353039,0.948156261
2000413,A,0.120636142,0.605674557
2000414,A,0.485191313,0.460552768
2000415,C,0.546080019,0.077201978
2000416,B,0.97563296,0.451746033
2000417,C,0.656857361,0.611400175
2000418,B,0.870995467,0.735122393
2000419,B,0.750146982,0.060151108
2000420,A,0.368128997,0.085972072
2000421,A,0.043651109,0.427004285
2000422,A,0.286996176,0.457686431
2000423,A,0.229125585,0.075701072
2000424,A,0.239294056,0.288426438
2000425,A,0.168528196,0.394747934
2000426,C,0.684649726,0.906260667
2000427,A,0.147588092,0.975917137
2000428,B,0.929195591,0.83059887
2000429,B,0.96975451,0.407766
2000430,A,0.291188432,0.172351234
2000431,B,0.905210302,0.560516283
2000432,A,0.118619109,0.264599257
2000433,A,0.470063921,0.851924399
2000434,A,0.095829228,0.560829817
2000435,C,0.583080735,0.64690752
2000436,A,0.402551324,0.333149117
2000437,A,0.108730281,0.74602044
2000438,A,0.037033868,0.847774817
2000439,A,0.122826045,0.827759604
2000440,A,0.353344054,0.023932789
2000441,A,0.020832741,0.56690183
2000442,A,0.380525827,0.780901309
2000443,A,0.366407693,0.305789599
2000444,B,0.971173367,0.394304977
2000445,B,0.760469913,0.118757287
2000446,B,0.788210077,0.657626692
2000447,B,0.842129646,0.636871411
2000448,A,0.46623197,0.979462859
2000449,A,0.335085473,0.246493432
2000450,B,0.843174854,0.333586338
2000451,A,0.388616051,0.226539708
2000452,C,0.604982764,0.337450437
2000453,A,0.107855956,0.47004595
2000454,B,0.839494167,0.080396513
2000455,B,0.863962055,0.778197929
2000456,B,0.977226311,0.322695128
2000457,A,0.097661881,0.912000152
2000458,B,0.700598048,0.304812583
2000459,C,0.696984191,0.250490639
2000460,A,0.320015191,0.315355995
2000461,A,0.018953083,0.727131668
2000462,C,0.669933374,0.910156888
2000463,B,0.972315284,0.443570794
2000464,A,0.207315313,0.11514174
2000465,C,0.637501807,0.104021151
2000466,A,0.378019855,0.117380888
2000467,C,0.505173649,0.038617554
2000468,B,0.710309133,0.343090339
2000469,A,0.317017399,0.822543706
2000470,C,0.628676662,0.837404171
2000471,A,0.08588115,0.400412861
2000472,A,0.177617971,0.760861063
2000473,A,0.314830746,0.018499507
2000474,A,0.155437979,0.211725067
2000475,B,0.705911117,0.026933743
2000476,A,0.093712209,0.679551964
2000477,B,0.812714262,0.857129917
2000478,C,0.669584735,0.735486132
2000479,B,0.755955165,0.492428408
2000480,A,0.49480403,0.664873388
2000481,A,0.451422494,0.84796739
2000482,A,0.428263238,0.007751971
2000483,B,0.817237209,0.421894903
2000484,A,0.326180784,0.422515938
2000485,B,0.714417431,0.439918965
2000486,A,0.221323971,0.394748553
2000487,A,0.134540179,0.482223962
2000488,B,0.958882263,0.623499401
2000489,A,0.029080988,0.236586768
2000490,C,0.508517028,0.843985621
2000491,A,0.139996645,0.428512412
2000492,A,0.185222762,0.701341657
2000493,A,0.208841636,0.360113657
2000494,A,0.220771163,0.305289372
2000495,A,0.356480657,0.529491607
2000496,C,0.578427246,0.417162541
2000497,B,0.928474933,0.966478506
2000498,B,0.743250066,0.927842894
2000499,C,0.533226284,0.868894626
2000500,A,0.385855229,0.998146844
2000501,B,0.765671651,0.129974974
2000502,A,0.308719719,0.649450157
2000503,B,0.736749605,0.287122277
2000504,B,0.972314782,0.078937778
2000505,B,0.772429549,0.191835957
2000506,A,0.327813562,0.828848158
2000507,A,0.053066508,0.515757505
2000508,B,0.825924907,0.007224844
2000509,A,0.140349605,0.38842117
2000510,A,0.039786999,0.152906615
2000511,B,0.840640851,0.857750937
2000512,A,0.18506112,0.356266366
2000513,B,0.760391375,0.975540226
2000514,B,0.945472802,0.645104053
2000515,B,0.776584475,0.891270472
2000516,C,0.537678944,0.922593276
2000517,A,0.408449089,0.125679516
2000518,C,0.615168594,0.824819689
2000519,B,0.766529641,0.702065737
2000520,A,0.294034844,0.83752891
2000521,B,0.954662519,0.78018244
2000522,C,0.656106492,0.525195649
2000523,B,0.882172443,0.506262599
2000524,A,0.33508525,0.266368839
2000525,A,0.379714727,0.867375491
2000526,A,0.043970376,0.632886168
2000527,B,0.752086555,0.119715017
2000528,B,0.712551332,0.101346893
2000529,A,0.109974442,0.680932277
2000530,A,0.353252811,0.926720479
2000531,A,0.281046689,0.54324555
2000532,A,0.035223262,0.326975628
2000533,A,0.170953712,0.926334835
2000534,A,0.403193072,0.233664015
2000535,B,0.90001285,0.861373988
2000536,B,0.902442538,0.284205482
2000537,A,0.108138438,0.785783924
2000538,A,0.102218762,0.717464412
2000539,C,0.550742705,0.025068159
2000540,B,0.897745959,0.669102121
2000541,A,0.110788192,0.905347691
2000542,A,0.301405064,0.53499182
2000543,C,0.579783335,0.083745447
2000544,B,0.831449897,0.314510808
2000545,A,0.275415169,0.754716689
2000546,C,0.690381471,0.773373176
2000547,C,0.67491468,0.528810416
2000548,C,0.697549112,0.888812461
2000549,A,0.455830686,0.62920135
2000550,C,0.643967956,0.832001831
2000551,A,0.113276124,0.292639927
2000552,A,0.154746379,0.452701971
2000553,B,0.901641071,0.809898548
2000554,A,0.202538093,0.668975472
2000555,A,0.329293337,0.523656314
2000556,A,0.294159979,0.911772677
2000557,A,0.287057443,0.218910902
2000558,A,0.453822948,0.232072586
2000559,B,0.880524213,0.032923413
2000560,B,0.876158495,0.726876924
2000561,B,0.712698436,0.963433372
2000562,B,0.95073535,0.600990639
2000563,B,0.824647707,0.10849485
2000564,A,0.271183422,0.061013288
2000565,B,0.785196382,0.180572768
2000566,A,0.065342186,0.590954846
2000567,A,0.257883702,0.812889426
2000568,C,0.57170394,0.029364438
2000569,B,0.725838377,0.650429834
2000570,B,0.972490707,0.825211089
2000571,A,0.137896774,0.675416779
2000572,B,0.945777109,0.846139871
2000573,B,0.75321539,0.044462036
2000574,C,0.67231632,0.924954921
2000575,A,0.36628739,0.241927641
2000576,B,0.978239356,0.114621209
2000577,A,0.412235854,0.249651125
2000578,C,0.694754479,0.667708619
2000579,A,0.168809985,0.33610769
2000580,C,0.57146188,0.741914253
2000581,B,0.942646756,0.393962557
2000582,C,0.528018515,0.462998655
2000583,B,0.744527643,0.89687756
2000584,B,0.987019831,0.925549196
2000585,B,0.87492742,0.90442526
2000586,A,0.400326292,0.704768506
2000587,B,0.925196283,0.947218461
2000588,B,0.855894068,0.293325768
2000589,A,0.139831459,0.488954081
2000590,A,0.262113653,0.805102575
2000591,A,0.008011418,0.547147005
2000592,B,0.885530762,0.236546692
2000593,A,0.006976421,0.464515189
2000594,A,0.223959051,0.185853038
2000595,A,0.114193982,0.778339162
2000596,A,0.221501749,0.291314575
2000597,A,0.237065728,0.91322088
2000598,A,0.333380253,0.673797724
2000599,A,0.135341829,0.362294564
2000600,A,0.452781844,0.930645652
2000601,A,0.374477856,0.246301076
2000602,B,0.988113973,0.71239709
2000603,A,0.128256523,0.123050355
2000604,B,0.89525726,0.938179527
2000605,A,0.185328447,0.003450213
2000606,A,0.287703427,0.602384902
2000607,B,0.787819923,0.605651059
2000608,A,0.179060385,0.432337227
2000609,A,0.292882989,0.224661958
2000610,B,0.867168107,0.624562712
2000611,B,0.875965488,0.976906363
2000612,B,0.834405186,0.423745505
2000613,C,0.615460982,0.505059924
2000614,B,0.944913238,0.78862911
2000615,A,0.260558847,0.673179329
2000616,C,0.680881551,0.272575252
2000617,A,0.431387837,0.039384875
2000618,B,0.842474972,0.247018955
2000619,B,0.899783961,0.941075287
2000620,B,0.896599645,0.845731044
2000621,A,0.058837717,0.203874891
2000622,A,0.355893377,0.453026448
2000623,B,0.78126099,0.411913914
2000624,A,0.310178166,0.296794281
2000625,B,0.94693571,0.909228024
2000626,A,0.164355427,0.821466942
2000627,B,0.909021883,0.547330745
2000628,A,0.147869658,0.842104059
2000629,A,0.200421067,0.222695097
2000630,A,0.373934462,0.136198887
2000631,B,0.940459595,0.74945735
2000632,A,0.454607176,0.165621325
2000633,B,0.886851368,0.87876695
2000634,A,0.244806631,0.671161483
2000635,B,0.980304912,0.248383345
2000636,A,0.063404748,0.611986427
2000637,B,0.876624968,0.483512459
2000638,A,0.066431043,0.758198482
2000639,A,0.068040948,0.779246045
2000640,C,0.581164768,0.154616137
2000641,A,0.371897031,0.60765079
2000642,A,0.160934822,0.967571693
2000643,C,0.612302511,0.258325213
2000644,B,0.76303722,0.301156226
2000645,A,0.484849236,0.613845076
2000646,A,0.094432185,0.572402576
2000647,B,0.885646815,0.187673933
2000648,B,0.963798349,0.061633447
2000649,B,0.986672486,0.37813471
2000650,A,0.444202254,0.254909724
2000651,C,0.505657281,0.240223821
2000652,A,0.120824286,0.811748365
2000653,A,0.028092805,0.021064078
2000654,B,0.739004838,0.786536137
2000655,A,0.496734322,0.399901876
2000656,C,0.6104877,0.276064117
2000657,B,0.92091086,0.247729565
2000658,C,0.696018085,0.846529376
2000659,A,0.352146948,0.572854152
2000660,A,0.492358397,0.865097205
2000661,A,0.330769664,0.181409825
2000662,A,0.266595942,0.311153943
2000663,B,0.935305852,0.939566945
2000664,C,0.571464569,0.739792644
2000665,A,0.024755467,0.302323205
2000666,B,0.818030628,0.532009319
2000667,B,0.90127875,0.882537245
2000668,A,0.258328101,0.202602086
2000669,A,0.456758073,0.137362007
2000670,A,0.335013703,0.824305075
2000671,A,0.011562056,0.272700468
2000672,A,0.456105074,0.909459671
2000673,B,0.910806035,0.576661471
2000674,A,0.258675595,0.900544361
2000675,A,0.498345267,0.853489942
2000676,B,0.787512004,0.560942842
2000677,C,0.530018106,0.187148156
2000678,B,0.711373,0.002063065
2000679,B,0.846601771,0.575996675
2000680,C,0.594192267,0.535221065
2000681,A,0.369343336,0.934124143
2000682,A,0.428354306,0.655059768
2000683,C,0.694448923,0.294586815
2000684,C,0.587075484,0.268049864
2000685,B,0.851888567,0.375715423
2000686,A,0.387207037,0.396690072
2000687,B,0.891801111,0.333504168
2000688,A,0.411056017,0.555398615
2000689,A,0.489653074,0.343060618
2000690,B,0.943357601,0.516701237
2000691,A,0.199804342,0.157636076
2000692,A,0.321109096,0.949806006
2000693,A,0.485372755,0.274171805
2000694,A,0.46224691,0.890062458
2000695,C,0.547726901,0.988922297
2000696,C,0.580220369,0.777833809
2000697,A,0.318276394,0.403758915
2000698,B,0.898386471,0.660796703
2000699,A,0.125730345,0.002780643
2000700,A,0.180647895,0.862235493
2000701,B,0.728293078,0.581825458
2000702,A,0.336990713,0.808866592
2000703,B,0.762702905,0.970597348
2000704,B,0.71741043,0.313102255
2000705,A,0.068555038,0.34919768
2000706,C,0.595982086,0.949817646
2000707,A,0.149037064,0.613752191
2000708,C,0.573895822,0.671000304
2000709,C,0.686818686,0.014934724
2000710,C,0.680374372,0.019840549
2000711,A,0.228858907,0.259538852
2000712,A,0.094636515,0.14243058
2000713,A,0.259197948,0.90506189
2000714,A,0.354791626,0.824147919
2000715,B,0.787425466,0.641618248
2000716,C,0.692566279,0.657527525
2000717,B,0.933448835,0.509686903
2000718,C,0.590073366,0.1207261
2000719,C,0.628921505,0.094762223
2000720,C,0.645952548,0.990677904
2000721,A,0.358703765,0.967730873
2000722,A,0.450656774,0.586995574
2000723,A,0.041795688,0.054478225
2000724,C,0.641793707,0.85548213
2000725,C,0.518716863,0.582838548
2000726,A,0.149971629,0.936130106
2000727,B,0.920490937,0.805450691
2000728,A,0.225866039,0.035027522
2000729,B,0.749824362,0.16135138
2000730,A,0.395299269,0.907434045
2000731,C,0.621034819,0.969340947
2000732,A,0.149120918,0.350963314
2000733,A,0.454546875,0.307160563
2000734,B,0.924722192,0.87383759
2000735,B,0.969488,0.676835845
2000736,C,0.649965759,0.716775336
2000737,A,0.1740267,0.301617233
2000738,C,0.660644634,0.252410271
2000739,A,0.278263159,0.003705046
2000740,A,0.324146738,0.546259882
2000741,B,0.759025574,0.376335473
2000742,C,0.500951274,0.387972852
2000743,B,0.747868902,0.146818061
2000744,A,0.252602819,0.010240845
2000745,A,0.17690788,0.048024778
2000746,B,0.927813527,0.377342268
2000747,A,0.184349865,0.118003682
2000748,C,0.551704049,0.149621757
2000749,B,0.753784533,0.786554482
2000750,A,0.452210099,0.946739354
2000751,B,0.874049335,0.649104971
2000752,A,0.023273726,0.502972484
2000753,B,0.860574163,0.836201853
2000754,A,0.396062424,0.511033959
2000755,A,0.250883452,0.607892651
2000756,A,0.11360922,0.431196706
2000757,B,0.706974941,0.848201882
2000758,A,0.112540506,0.836208243
2000759,C,0.664345681,0.393897615
2000760,A,0.138670019,0.368914533
2000761,A,0.452557552,0.709378551
2000762,A,0.378039723,0.390348191
2000763,A,0.118137986,0.551501156
2000764,A,0.121371755,0.897703422
2000765,B,0.928735105,0.976046754
2000766,A,0.241934771,0.357305866
2000767,C,0.558996684,0.542227878
2000768,B,0.710631778,0.217245392
2000769,B,0.733834442,0.208333711
2000770,A,0.185690192,0.029161859
2000771,B,0.827289917,0.971957145
2000772,B,0.917620661,0.531937371
2000773,A,0.343388622,0.103643506
2000774,B,0.7838753,0.726852178
2000775,B,0.752829493,0.442602236
2000776,A,0.304143249,0.447579659
2000777,B,0.9936456,0.027182425
2000778,A,0.033600662,0.197270375
2000779,B,0.773759217,0.623614795
2000780,A,0.135625936,0.330185062
2000781,B,0.802487759,0.695142024
2000782,C,0.56897996,0.631939862
2000783,A,0.240553471,0.368483928
2000784,B,0.754285375,0.479707349
2000785,A,0.455762505,0.143035031
2000786,A,0.388128158,0.397068799
2000787,A,0.211659854,0.652818578
2000788,C,0.689522303,0.709482209
2000789,B,0.790515784,0.456957838
2000790,A,0.090753186,0.385176109
2000791,B,0.869974991,0.887523214
2000792,C,0.588497542,0.75724118
2000793,C,0.53344378,0.993607347
2000794,A,0.056860896,0.266683501
2000795,A,0.339853671,0.828648172
2000796,A,0.195344258,0.069928005
2000797,C,0.599375611,0.996223513
2000798,A,0.203049613,0.621879098
2000799,C,0.62888445,0.45991235
2000800,A,0.093792662,0.555054717
2000801,A,0.461021263,0.367651209
2000802,A,0.178096744,0.937685912
2000803,A,0.291695026,0.098640228
2000804,B,0.804920121,0.045907572
2000805,B,0.864733472,0.374063939
2000806,A,0.049168946,0.678293443
2000807,A,0.409920489,0.267318179
2000808,B,0.864230866,0.051954669
2000809,A,0.174446092,0.066034321
2000810,B,0.906155737,0.96430575
2000811,A,0.433901084,0.25047064
2000812,A,0.23086456,0.510290849
2000813,B,0.926134729,0.266529504
2000814,B,0.872723763,0.199703475
2000815,A,0.241988484,0.394350376
2000816,A,0.177838643,0.67732053
2000817,C,0.526691001,0.213784525
2000818,A,0.368538651,0.511619899
2000819,C,0.67146989,0.427750422
2000820,B,0.804134636,0.605383491
2000821,A,0.389637977,0.597897911
2000822,A,0.261452071,0.979423614
2000823,A,0.324727394,0.717748817
2000824,B,0.790891454,0.28082643
2000825,B,0.829498168,0.37909931
2000826,A,0.114093291,0.255342565
2000827,B,0.759636929,0.496800902
2000828,C,0.668217999,0.264477792
2000829,A,0.328420352,0.200587485
2000830,B,0.862166726,0.052981634
2000831,C,0.594690683,0.660752815
2000832,A,0.14906806,0.074334597
2000833,C,0.59511724,0.681094825
2000834,B,0.812676318,0.362768862
2000835,B,0.786169672,0.733232259
2000836,B,0.878717806,0.272655987
2000837,B,0.880059761,0.154060887
2000838,A,0.065592136,0.173400458
2000839,B,0.823239819,0.963547637
2000840,B,0.891375682,0.860637546
2000841,A,0.144863029,0.986422275
2000842,B,0.746320212,0.183063636
2000843,B,0.778434015,0.88049966
2000844,A,0.023089462,0.291624634
2000845,C,0.579615259,0.578418687
2000846,A,0.057480215,0.207590959
2000847,A,0.097625699,0.715100364
2000848,A,0.315824357,0.734830678
2000849,B,0.854123308,0.422798365
2000850,A,0.123656139,0.577056328
2000851,A,0.299021987,0.656354022
2000852,C,0.579331834,0.814705178
2000853,A,0.487693393,0.585453686
2000854,B,0.917164702,0.584223274
2000855,A,0.141756081,0.939830924
2000856,A,0.382071556,0.334803114
2000857,A,0.409831383,0.212119041
2000858,A,0.199316225,0.885263202
2000859,A,0.099147245,0.767093005
2000860,C,0.614199453,0.068319003
2000861,C,0.685003414,0.411665657
2000862,A,0.150660768,0.329178792
2000863,C,0.609027349,0.9515519
2000864,A,0.347227184,0.027871041
2000865,A,0.127449633,0.457774049
2000866,A,0.370580993,0.882879393
2000867,A,0.49139991,0.259438881
2000868,A,0.284408621,0.051210282
2000869,A,0.144585429,0.830530663
2000870,B,0.800096295,0.240819307
2000871,A,0.437141972,0.007200395
2000872,A,0.156855272,0.578028726
2000873,A,0.100517654,0.369216282
2000874,A,0.178564061,0.716788083
2000875,C,0.621135597,0.532006007
2000876,B,0.868253599,0.176375557
2000877,A,0.047161574,0.85428468
2000878,A,0.057822534,0.185218558
2000879,B,0.720476964,0.545501748
2000880,C,0.628953754,0.323777724
2000881,B,0.735501214,0.734970815
2000882,C,0.652774403,0.793192865
2000883,A,0.396601524,0.419640292
2000884,A,0.148432134,0.860789929
2000885,A,0.218338889,0.681451249
2000886,B,0.803053748,0.778656202
2000887,A,0.298031423,0.700061685
2000888,B,0.744319938,0.411559214
2000889,A,0.242266404,0.806307664
2000890,A,0.335391247,0.195482719
2000891,B,0.830170329,0.215284474
2000892,B,0.86355338,0.245666662
2000893,A,0.087819828,0.866702504
2000894,A,0.005660137,0.562467246
2000895,A,0.019127282,0.709746938
2000896,B,0.711145719,0.605301555
2000897,B,0.916611892,0.738176442
2000898,A,0.318388248,0.138125686
2000899,A,0.223493791,0.625855376
2000900,B,0.808959703,0.395426124
2000901,A,0.081907625,0.184262744
2000902,A,0.055775313,0.159758748
2000903,C,0.696195971,0.220268467
2000904,B,0.834190933,0.405539597
2000905,C,0.52136387,0.638362964
2000906,B,0.919420229,0.681892708
2000907,B,0.783060007,0.524148747
2000908,C,0.669596632,0.75183951
2000909,B,0.846277336,0.237185579
2000910,A,0.262230582,0.904090837
2000911,B,0.802918338,0.045612423
2000912,C,0.564656102,0.428237165
2000913,A,0.274358354,0.677860633
2000914,B,0.806455022,0.874665298
2000915,A,0.061110931,0.424702676
2000916,A,0.471958973,0.553683169
2000917,A,0.269000738,0.424171358
2000918,A,0.056661435,0.840113059
2000919,A,0.151000688,0.918752425
2000920,A,0.301096261,0.611011201
2000921,A,0.295766865,0.855110118
2000922,B,0.850489867,0.683286297
2000923,B,0.725996665,0.484331262
2000924,A,0.255764453,0.973008409
2000925,A,0.243491481,0.945699618
2000926,A,0.098745967,0.641736721
2000927,C,0.674443917,0.502488864
2000928,C,0.59925282,0.000792126
2000929,C,0.605860247,0.622095419
2000930,A,0.388365845,0.997434549
2000931,A,0.330774,0.385392841
2000932,B,0.985459946,0.960156889
2000933,B,0.934580346,0.386278979
2000934,A,0.138805174,0.235494493
2000935,C,0.558444936,0.582193231
2000936,B,0.851839548,0.786322358
2000937,C,0.54428319,0.257346723
2000938,A,0.134303102,0.938385563
2000939,B,0.736855745,0.642296985
2000940,A,0.063179925,0.127412511
2000941,A,0.142325345,0.492585933
2000942,A,0.362195201,0.584673721
2000943,A,0.234735345,0.173421587
2000944,A,0.314395726,0.238106374
2000945,B,0.7822226,0.80038986
2000946,C,0.615745954,0.824088184
2000947,A,0.157629907,0.036084375
2000948,B,0.930684996,0.21416033
2000949,B,0.704470876,0.572941544
2000950,A,0.00533014,0.001930308
2000951,B,0.927902076,0.383850467
2000952,B,0.933753014,0.51842304
2000953,B,0.838709595,0.35503684
2000954,C,0.507630997,0.248667016
2000955,B,0.991888816,0.325985177
2000956,A,0.446266768,0.654983896
2000957,A,0.042568046,0.277187951
2000958,A,0.120644228,0.410148492
2000959,A,0.434131646,0.47872874
2000960,A,0.180840162,0.807774603
2000961,B,0.960067014,0.392616105
2000962,C,0.603233801,0.761975787
2000963,B,0.733956499,0.132817584
2000964,C,0.635542889,0.557322956
2000965,B,0.940412378,0.61204121
2000966,C,0.565222017,0.384706943
2000967,A,0.496482099,0.701165938
2000968,C,0.663462847,0.063176656
2000969,B,0.826589065,0.166863882
2000970,B,0.985061147,0.028340735
2000971,B,0.799110528,0.941952468
2000972,A,0.438082528,0.584104264
2000973,A,0.47865578,0.893670474
2000974,B,0.925595139,0.481333531
2000975,A,0.247865223,0.236103084
2000976,A,0.327387153,0.09885918
2000977,B,0.939068708,0.425135004
2000978,C,0.527605388,0.293652813
2000979,B,0.799469918,0.914723353
2000980,A,0.00914585,0.26036192
2000981,A,0.339604766,0.395003695
2000982,A,0.465533846,0.590456181
2000983,B,0.98110583,0.682013837
2000984,B,0.702449302,0.441409176
2000985,C,0.513432209,0.321962891
2000986,A,0.327491686,0.511645491
2000987,C,0.677584795,0.549263639
2000988,A,0.116317568,0.055082462
2000989,A,0.192666472,0.687290916
2000990,C,0.581803335,0.192120071
2000991,A,0.108790727,0.086892656
2000992,B,0.712508834,0.26170031
2000993,A,0.421701645,0.829321302
2000994,B,0.768697115,0.486937276
2000995,B,0.986030955,0.390902504
2000996,A,0.448721499,0.490550656
2000997,B,0.864912892,0.7556261
2000998,C,0.652382955,0.624218144
2000999,A,0.22476693,0.113265931
2001000,A,0.329891225,0.131492015
2001001,A,0.425553976,0.11671874
2001002,C,0.618368799,0.371675925
2001003,C,0.513170507,0.67467086
2001004,A,0.084296307,0.708724477
2001005,B,0.778920285,0.866330869
2001006,B,0.938432378,0.435654231
2001007,A,0.162644917,0.395238896
2001008,B,0.860303199,0.793724201
2001009,A,0.357027185,0.92738881
2001010,A,0.409614482,0.712233644
2001011,B,0.979992501,0.335852925
2001012,B,0.70187463,0.289662792
2001013,A,0.369166365,0.508555553
2001014,A,0.14243937,0.2814974
2001015,B,0.892494634,0.23214175
2001016,A,0.023788805,0.33293208
2001017,B,0.819436885,0.517990197
2001018,A,0.006130108,0.414108767
2001019,A,0.449126005,0.215031814
2001020,A,0.238078541,0.573540349
2001021,C,0.640894444,0.645640837
2001022,B,0.982231713,0.990767042
2001023,A,0.188458879,0.343582027
2001024,A,0.320676646,0.12059099
2001025,A,0.28894359,0.536921269
2001026,A,0.112809232,0.801101981
2001027,A,0.131348113,0.113200967
2001028,B,0.766920407,0.221022983
2001029,A,0.016578628,0.359957137
2001030,A,0.117904936,0.079768414
2001031,A,0.369175261,0.305660011
2001032,B,0.831863518,0.013075263
2001033,A,0.037387069,0.536942837
2001034,B,0.979377072,0.702851077
2001035,A,0.193510626,0.221655458
2001036,B,0.85822858,0.264653605
2001037,C,0.627827243,0.653308973
2001038,B,0.986499361,0.709189458
2001039,C,0.676047585,0.218434717
2001040,A,0.239456686,0.455155463
2001041,B,0.743381369,0.45053057
2001042,C,0.5706749,0.314279269
2001043,B,0.88631867,0.991534981
2001044,A,0.383249012,0.094267484
2001045,B,0.945328882,0.155455664
2001046,C,0.510805471,0.916385927
2001047,C,0.563451888,0.247996195
2001048,A,0.272263903,0.846942253
2001049,B,0.986385465,0.993228936
2001050,A,0.139448061,0.352505884
2001051,B,0.976317419,0.057522778
2001052,A,0.162785231,0.837000676
2001053,C,0.60805042,0.286042073
2001054,B,0.767772981,0.748002317
2001055,A,0.39651635,0.549781653
2001056,B,0.873580593,0.13648386
2001057,A,0.392344551,0.505210393
2001058,A,0.33214289,0.566940778
2001059,A,0.407642606,0.21444293
2001060,B,0.85354329,0.440982162
2001061,C,0.629941541,0.974533616
2001062,B,0.71432798,0.269176289
2001063,A,0.499189642,0.864807993
2001064,A,0.14064147,0.96052741
2001065,A,0.287569017,0.494721846
2001066,B,0.788094105,0.94414406
2001067,B,0.895375653,0.10797523
2001068,A,0.346963863,0.581399778
2001069,A,0.205926728,0.592937566
2001070,B,0.941321769,0.409564379
2001071,A,0.394663602,0.119272494
2001072,B,0.778046325,0.989965966
2001073,B,0.999931774,0.032567034
2001074,A,0.436773356,0.884122669
2001075,A,0.106871894,0.30854981
2001076,A,0.472387814,0.563184377
2001077,A,0.254623983,0.16158838
2001078,A,0.191584802,0.586799371
2001079,A,0.41640305,0.298419422
2001080,A,0.488801823,0.663482766
2001081,A,0.245371601,0.34602487
2001082,A,0.413222861,0.91636139
2001083,A,0.186536412,0.06045671
2001084,C,0.65931628,0.870224882
2001085,A,0.07092644,0.750663632
2001086,B,0.822433555,0.108734431
2001087,C,0.601474462,0.740296711
2001088,B,0.954510727,0.261145593
2001089,A,0.366179898,0.659588519
2001090,A,0.091616375,0.40505661
2001091,C,0.585402982,0.846562553
2001092,A,0.235086985,0.95874305
2001093,A,0.293278351,0.422644423
2001094,A,0.199765338,0.651673304
2001095,A,0.158279514,0.170282989
2001096,A,0.134649471,0.344185959
2001097,A,0.163736265,0.055017832
2001098,A,0.284408663,0.945479898
2001099,C,0.512909089,0.226476603
2001100,B,0.798578931,0.135149238
2001101,A,0.326303188,0.16712877
2001102,B,0.964444594,0.51407277
2001103,A,0.25498441,0.569770924
2001104,A,0.081377963,0.830848839
2001105,A,0.11406878,0.351856214
2001106,A,0.373023604,0.12839827
2001107,A,0.355749982,0.423444637
2001108,B,0.799089975,0.102657361
2001109,A,0.224596116,0.990890507
2001110,B,0.881925534,0.660436477
2001111,C,0.698422699,0.602581223
2001112,A,0.323379914,0.499668183
2001113,C,0.612798085,0.585131331
2001114,A,0.254955274,0.551587879
2001115,C,0.681252822,0.8221839
2001116,B,0.882694146,0.527740203
2001117,B,0.735383113,0.663985303
2001118,C,0.605497549,0.366064901
2001119,B,0.830968545,0.944058609
2001120,C,0.564660735,0.065521863
2001121,A,0.342167329,0.108255081
2001122,B,0.822837301,0.040620036
2001123,C,0.610348057,0.120748174
2001124,A,0.115873646,0.375194797
2001125,A,0.466829071,0.735142453
2001126,A,0.334251992,0.435523865
2001127,A,0.047762441,0.465658282
2001128,C,0.628464348,0.689105612
2001129,B,0.916752723,0.551214156
2001130,A,0.488686119,0.910981718
2001131,C,0.614878732,0.109950067
2001132,C,0.635438237,0.388242036
2001133,B,0.764050889,0.890664498
2001134,A,0.004508024,0.695220651
2001135,A,0.311229058,0.473339183
2001136,B,0.935807529,0.981056705
2001137,B,0.900386026,0.469330832
2001138,B,0.94563897,0.451462942
2001139,A,0.31811852,0.926247582
2001140,A,0.189742264,0.159324485
2001141,A,0.480354443,0.533999353
2001142,A,0.069327362,0.642789215
2001143,A,0.306464653,0.292526579
2001144,B,0.850731431,0.023167524
2001145,B,0.926636466,0.98269845
2001146,A,0.311110723,0.600383022
2001147,A,0.075319726,0.304241399
2001148,B,0.750050871,0.770986036
2001149,B,0.766627998,0.875853035
2001150,A,0.398953644,0.155255922
2001151,B,0.948755418,0.334414636
2001152,A,0.403663062,0.356072792
2001153,B,0.799606277,0.633695964
2001154,A,0.024850999,0.624145258
2001155,A,0.377577699,0.831931789
2001156,B,0.951098568,0.730265134
2001157,A,0.422856537,0.080278982
2001158,A,0.267056567,0.368698535
2001159,C,0.686230168,0.822989586
2001160,C,0.507768179,0.461271845
2001161,A,0.017773336,0.916991965
2001162,A,0.192689441,0.471039302
2001163,A,0.083838393,0.574031598
2001164,A,0.326654635,0.579930463
2001165,C,0.539863308,0.951092222
2001166,A,0.467742271,0.418571889
2001167,B,0.920584167,0.206750364
2001168,A,0.297747956,0.210087281
2001169,B,0.889275499,0.371401958
2001170,C,0.596543658,0.715380156
2001171,A,0.451918432,0.348460096
2001172,B,0.88257565,0.695391969
2001173,A,0.257609259,0.865796087
2001174,C,0.68057736,0.088856192
2001175,B,0.876859471,0.241624102
2001176,A,0.090920934,0.816983279
2001177,A,0.495304919,0.631987809
2001178,B,0.749983865,0.447361164
2001179,A,0.450424911,0.288365988
2001180,C,0.611876086,0.524334623
2001181,A,0.050033971,0.02280414
2001182,B,0.911487635,0.229341464
2001183,A,0.150075773,0.112537684
2001184,A,0.40640727,0.345431236
2001185,C,0.610963159,0.640447694
2001186,A,0.073678287,0.007229585
2001187,A,0.18552692,0.484912671
2001188,B,0.930877798,0.236756957
2001189,A,0.089328954,0.041222577
2001190,A,0.005961447,0.325926439
2001191,A,0.285154156,0.188436268
2001192,A,0.051273919,0.857355777
2001193,C,0.577815891,0.78974806
2001194,B,0.776369339,0.928521203
2001195,A,0.320954566,0.089166248
2001196,A,0.431791958,0.840168565
2001197,B,0.838430804,0.705955475
2001198,A,0.147632456,0.933925027
2001199,A,0.313889634,0.548465312
2001200,B,0.725808741,0.47144042
2001201,A,0.346036647,0.562470346
2001202,B,0.761924277,0.721386551
2001203,A,0.202408481,0.904617405
2001204,C,0.541602134,0.385035931
2001205,B,0.926576104,0.925429599
2001206,C,0.629932681,0.887009931
2001207,A,0.303085737,0.816954814
2001208,B,0.954453381,0.515651201
2001209,C,0.516370924,0.034106181
2001210,A,0.166528893,0.477371166
2001211,B,0.95889145,0.152452729
2001212,B,0.906772442,0.054977386
2001213,A,0.215393891,0.485097781
2001214,A,0.462995401,0.526187532
2001215,B,0.898408811,0.446214553
2001216,A,0.344030937,0.948007257
2001217,C,0.67448786,0.479973958
2001218,A,0.292087052,0.907143075
2001219,A,0.277223858,0.001692056
2001220,A,0.430007413,0.458323673
2001221,B,0.909554068,0.366522519
2001222,A,0.253234508,0.121648835
2001223,C,0.511935001,0.568852605
2001224,A,0.159490925,0.239591305
2001225,A,0.325942108,0.023239721
2001226,A,0.295315328,0.676993046
2001227,C,0.651079872,0.356447362
2001228,A,0.464912887,0.852233098
2001229,B,0.85782562,0.890183311
2001230,B,0.779177589,0.282149116
2001231,A,0.131841396,0.877685037
2001232,A,0.095483369,0.94215127
2001233,A,0.052167638,0.978245412
2001234,B,0.712627836,0.781061537
2001235,B,0.709676067,0.571269065
2001236,C,0.508596496,0.663559353
2001237,B,0.724152036,0.101185129
2001238,B,0.897037023,0.232202968
2001239,C,0.676094916,0.136114208
2001240,A,0.288683116,0.615735757
2001241,C,0.670667823,0.54009703
2001242,A,0.071845526,0.412497516
2001243,A,0.131620946,0.183914122
2001244,A,0.400657033,0.136009835
2001245,B,0.944168749,0.630809785
2001246,A,0.181722646,0.385159151
2001247,B,0.906378796,0.659159843
2001248,A,0.422716725,0.058951852
2001249,B,0.945864037,0.642681445
2001250,A,0.371691547,0.940859445
2001251,A,0.086749583,0.279180038
2001252,B,0.988459916,0.159821183
2001253,A,0.227832384,0.868513957
2001254,C,0.509344224,0.651967709
2001255,A,0.068111609,0.095940992
2001256,A,0.23614785,0.508595776
2001257,B,0.909015447,0.433686909
2001258,C,0.508157071,0.735689067
2001259,C,0.565259341,0.921376938
2001260,A,0.00448197,0.601050004
2001261,A,0.304107565,0.880256746
2001262,B,0.981049641,0.95915947
2001263,A,0.281137153,0.929056458
2001264,B,0.921960879,0.46306185
2001265,C,0.609818224,0.463308404
2001266,A,0.122078928,0.542616679
2001267,C,0.587958325,0.017160514
2001268,B,0.860295346,0.446347336
2001269,A,0.170512642,0.160618423
2001270,B,0.903724087,0.854867064
2001271,B,0.890045333,0.513986305
2001272,A,0.461785233,0.976382273
2001273,A,0.295789,0.454823169
2001274,C,0.680308226,0.138827403
2001275,B,0.710620724,0.958359746
2001276,A,0.300960311,0.243678547
2001277,A,0.221132759,0.511875481
2001278,A,0.204773762,0.851277747
2001279,C,0.671249393,0.351267713
2001280,C,0.596754634,0.276326371
2001281,A,0.380331777,0.751058118
2001282,A,0.106847743,0.662596923
2001283,C,0.616177433,0.390317994
2001284,A,0.35832803,0.454548885
2001285,B,0.917218081,0.480894016
2001286,A,0.0406529,0.682222
2001287,A,0.318686555,0.764961179
2001288,A,0.074967963,0.846509872
2001289,B,0.91663647,0.304391542
2001290,B,0.929063974,0.090544506
2001291,B,0.979975162,0.835413188
2001292,A,0.363706426,0.411390342
2001293,A,0.111502155,0.463003152
2001294,C,0.627848855,0.083370093
2001295,A,0.406395522,0.647104158
2001296,A,0.131906315,0.832196196
2001297,B,0.870624044,0.583854724
2001298,A,0.272852776,0.878935221
2001299,A,0.372539543,0.28179369
2001300,B,0.740232878,0.925942489
2001301,A,0.342785848,0.195595425
2001302,A,0.465543387,0.599068779
2001303,A,0.069969199,0.698531317
2001304,B,0.994809123,0.787562015
2001305,A,0.054907679,0.473382677
2001306,A,0.022092668,0.36077306
2001307,B,0.996268578,0.302795758
2001308,A,0.158850302,0.615466721
2001309,C,0.652396569,0.739312045
2001310,B,0.848718089,0.438840142
2001311,B,0.808207487,0.168723733
2001312,A,0.395207973,0.335858874
2001313,B,0.784307969,0.115240125
2001314,A,0.471501136,0.571543271
2001315,C,0.669236364,0.475400082
2001316,B,0.922658986,0.167596258
2001317,C,0.59739265,0.392989202
2001318,A,0.290773128,0.968608342
2001319,B,0.703453398,0.74353005
2001320,A,0.191122192,0.201484275
2001321,A,0.337729151,0.044057902
2001322,A,0.198358395,0.185789044
2001323,C,0.548113036,0.598553725
2001324,B,0.761040407,0.848845927
2001325,B,0.886572145,0.29142035
2001326,B,0.890400701,0.628919505
2001327,A,0.356487761,0.937232456
2001328,C,0.516439888,0.137973761
2001329,B,0.823183605,0.108699057
2001330,A,0.195462594,0.796321446
2001331,A,0.030246395,0.940202463
2001332,C,0.526444348,0.453928441
2001333,B,0.962774676,0.606213138
2001334,B,0.756656231,0.335725929
2001335,A,0.128358152,0.781707497
2001336,B,0.981002692,0.01359065
2001337,A,0.377580435,0.977694955
2001338,A,0.043420766,0.099308524
2001339,A,0.305849362,0.895332584
2001340,B,0.891305952,0.710685684
2001341,A,0.130920629,0.568344436
2001342,B,0.917427117,0.018086064
2001343,A,0.359251264,0.319536564
2001344,A,0.325909897,0.805911719
2001345,A,0.067904598,0.137769024
2001346,A,0.226255093,0.898712717
2001347,B,0.981751434,0.370993485
2001348,A,0.214829442,0.969319985
2001349,A,0.028182285,0.596822706
2001350,B,0.990722733,0.170365132
2001351,B,0.877512669,0.472201904
2001352,C,0.601699238,0.421812922
2001353,A,0.355708723,0.039337138
2001354,A,0.362519341,0.72484938
2001355,C,0.549857464,0.461240831
2001356,A,0.423336996,0.647319214
2001357,A,0.107356302,0.001377467
2001358,A,0.346228829,0.935042801
2001359,A,0.399593773,0.43144783
2001360,B,0.775226738,0.661530212
2001361,A,0.269336423,0.56811867
2001362,A,0.029375207,0.857174826
2001363,A,0.040148172,0.326408815
2001364,A,0.419357692,0.053572489
2001365,A,0.313573055,0.025364053
2001366,A,0.478920003,0.930527493
2001367,A,0.227348093,0.588493292
2001368,B,0.991722489,0.328724914
2001369,B,0.78277493,0.050269049
2001370,A,0.216308712,0.686204278
2001371,B,0.960402976,0.493639796
2001372,B,0.913015136,0.051342259
2001373,C,0.577466889,0.210831097
2001374,C,0.671767698,0.735156993
2001375,A,0.088589391,0.766408919
2001376,A,0.484048247,0.255451121
2001377,A,0.03850123,0.034434454
2001378,A,0.011513536,0.304334353
2001379,A,0.310241235,0.099526867
2001380,B,0.818227446,0.573873886
2001381,B,0.78167775,0.724753167
2001382,A,0.355626422,0.668514647
2001383,B,0.710466606,0.952193379
2001384,A,0.465233257,0.772597721
2001385,A,0.298994491,0.281515352
2001386,C,0.554292552,0.021078567
2001387,C,0.647437753,0.343915046
2001388,B,0.823157569,0.106474987
2001389,A,0.428295316,0.156385227
2001390,C,0.626210303,0.21264133
2001391,B,0.83182416,0.778025003
2001392,A,0.039952772,0.206814813
2001393,A,0.275314149,0.710885225
2001394,C,0.680667014,0.179999173
2001395,A,0.141507733,0.632159044
2001396,A,0.142178415,0.838736402
2001397,B,0.819233179,0.864362696
2001398,B,0.928883949,0.756638291
2001399,C,0.56713851,0.29076748
2001400,A,0.269930519,0.584388148
2001401,B,0.77548729,0.265667818
2001402,A,0.465879867,0.781582413
2001403,A,0.137980763,0.703541887
2001404,C,0.54037528,0.548531918
2001405,B,0.805690095,0.294241277
2001406,C,0.543528754,0.936601668
2001407,A,0.455094141,0.47332723
2001408,A,0.444829367,0.335710103
2001409,C,0.514522728,0.838675592
2001410,C,0.600583664,0.978604982
2001411,A,0.328371888,0.067146792
2001412,B,0.892634731,0.873824917
2001413,B,0.818334682,0.212157954
2001414,A,0.16953612,0.668821545
2001415,B,0.721541675,0.596856859
2001416,A,0.110920316,0.306311529
2001417,A,0.314826517,0.553468277
2001418,A,0.371969163,0.727524875
2001419,C,0.575488482,0.397026728
2001420,B,0.807964977,0.05779507
2001421,C,0.542917905,0.694410813
2001422,A,0.203892644,0.585898478
2001423,B,0.887955104,0.256761633
2001424,A,0.469239653,0.164959248
2001425,A,0.025781748,0.716797345
2001426,B,0.738725853,0.896693127
2001427,A,0.363326907,0.081032979
2001428,A,0.387558174,0.446720529
2001429,A,0.494370136,0.434459874
2001430,A,0.421214805,0.221609412
2001431,C,0.598859837,0.719572456
2001432,B,0.909461784,0.246921163
2001433,C,0.52273238,0.510390233
2001434,A,0.123926959,0.733722882
2001435,A,0.418443944,0.242961264
2001436,B,0.79933522,0.273546533
2001437,A,0.39978709,0.030035785
2001438,B,0.955536053,0.209392231
2001439,C,0.661373851,0.623207901
2001440,A,0.39302282,0.890700139
2001441,A,0.135660204,0.101117707
2001442,A,0.402071391,0.396626868
2001443,A,0.286233777,0.408051705
2001444,A,0.089351439,0.928996799
2001445,B,0.742577156,0.593019112
2001446,C,0.689288018,0.00402327
2001447,B,0.749097557,0.925870641
2001448,A,0.465702033,0.793596291
2001449,A,0.268415299,0.331557708
2001450,A,0.152258982,0.726633897
2001451,C,0.568807341,0.489548771
2001452,C,0.506797477,0.846982663
2001453,C,0.531136733,0.446560473
2001454,B,0.998098761,0.554182221
2001455,B,0.701501107,0.350599378
2001456,A,0.242768835,0.668512437
2001457,C,0.544837391,0.47407927
2001458,C,0.669637389,0.93152533
2001459,A,0.030957203,0.374285045
2001460,A,0.134726841,0.68364852
2001461,A,0.06365197,0.530881523
2001462,A,0.1437768,0.384146958
2001463,A,0.345691976,0.196147102
2001464,A,0.318324431,0.061400109
2001465,A,0.331429172,0.588901138
2001466,B,0.945981606,0.327860484
2001467,A,0.174221273,0.661949774
2001468,C,0.605163783,0.2506375
2001469,B,0.835451442,0.27595927
2001470,B,0.896752619,0.173818628
2001471,A,0.069450952,0.001879756
2001472,A,0.359066244,0.663699005
2001473,A,0.203607884,0.508342568
2001474,A,0.429118201,0.86135427
2001475,B,0.957864741,0.903687551
2001476,B,0.929960072,0.460750575
2001477,C,0.582976979,0.584371983
2001478,A,0.18694158,0.992963807
2001479,A,0.410768166,0.530990351
2001480,B,0.790313766,0.519372171
2001481,A,0.008467756,0.569871247
2001482,A,0.030098034,0.668496011
2001483,B,0.765682908,0.091465385
2001484,A,0.3129572,0.513895422
2001485,A,0.469444425,0.487105083
2001486,A,0.114151385,0.441884481
2001487,B,0.891321241,0.798850696
2001488,A,0.241325297,0.411990498
2001489,A,0.001364784,0.001475525
2001490,B,0.901962196,0.436967916
2001491,A,0.004290049,0.429239675
2001492,C,0.681759429,0.021357126
2001493,A,0.221990898,0.388909587
2001494,A,0.464770702,0.118734698
2001495,A,0.030268695,0.432815337
2001496,C,0.640854583,0.808499453
2001497,C,0.602641026,0.614031486
2001498,A,0.379436955,0.663246628
2001499,A,0.191918228,0.366020484
2001500,A,0.088265589,0.215743585
2001501,A,0.189538139,0.549136444
2001502,A,0.009088515,0.531953716
2001503,A,0.462100717,0.940739249
2001504,A,0.088140336,0.297608311
2001505,A,0.073911866,0.301900253
2001506,B,0.819062639,0.49151409
2001507,C,0.555821832,0.733610479
2001508,A,0.124943353,0.281279801
2001509,B,0.80308403,0.123251728
2001510,A,0.220846371,0.572144936
2001511,B,0.718572642,0.628772315
2001512,B,0.967760637,0.925297977
2001513,C,0.630828194,0.93524106
2001514,C,0.614179766,0.437199817
2001515,A,0.398356636,0.660482587
2001516,B,0.751912147,0.53791688
2001517,C,0.655491812,0.329485135
2001518,A,0.01104883,0.385150129
2001519,A,0.404794425,0.331794467
2001520,A,0.231815124,0.602189239
2001521,C,0.658478769,0.794898992
2001522,C,0.647797818,0.397922343
2001523,A,0.046769701,0.645703332
2001524,A,0.419496624,0.697425203
2001525,A,0.136049828,0.190797236
2001526,A,0.05221676,0.779544119
2001527,A,0.067420662,0.889667359
2001528,B,0.905591562,0.518114926
2001529,B,0.957449636,0.471125312
2001530,B,0.8552086,0.261890027
2001531,B,0.844726491,0.817307006
2001532,A,0.216982352,0.123588844
2001533,B,0.833797521,0.442004789
2001534,A,0.403249488,0.456436524
2001535,C,0.579139369,0.861377387
2001536,A,0.390686316,0.832202443
2001537,A,0.385241071,0.953671661
2001538,A,0.020462229,0.420222235
2001539,A,0.177621683,0.955784149
2001540,A,0.24746821,0.775461383
2001541,A,0.401356161,0.347957524
2001542,B,0.93564543,0.294351923
2001543,B,0.982954166,0.125551798
2001544,B,0.81435888,0.104861191
2001545,A,0.333801264,0.543118361
2001546,C,0.661853551,0.324602254
2001547,A,0.391749599,0.399814654
2001548,C,0.515660306,0.411959708
2001549,B,0.880630871,0.033111613
2001550,C,0.594728446,0.017526245
2001551,A,0.297629142,0.60172702
2001552,C,0.645354414,0.536380134
2001553,C,0.698442222,0.748902777
2001554,B,0.885706396,0.911464889
2001555,A,0.246256079,0.211641314
2001556,A,0.01285019,0.643207761
2001557,A,0.239363704,0.942331093
2001558,A,0.353352335,0.872117034
2001559,A,0.370510488,0.984872008
2001560,A,0.126531842,0.867309235
2001561,C,0.569625813,0.664086882
2001562,A,0.215289609,0.468672079
2001563,C,0.689207568,0.984590649
2001564,A,0.059201039,0.709556437
2001565,C,0.668516876,0.202656625
2001566,A,0.142254724,0.310133117
2001567,A,0.24117854,0.204458166
2001568,C,0.643639699,0.060678899
2001569,B,0.802967616,0.29620421
2001570,A,0.224686697,0.49822606
2001571,A,0.255291129,0.480107467
2001572,A,0.12713582,0.474358678
2001573,A,0.368655303,0.704190615
2001574,A,0.361970079,0.954702881
2001575,A,0.140969883,0.11339076
2001576,B,0.974678877,0.789300988
2001577,B,0.990366492,0.186191987
2001578,A,0.353022044,0.391351982
2001579,C,0.686462915,0.211432151
2001580,B,0.83793716,0.404944171
2001581,A,0.495237342,0.517012665
2001582,B,0.848759945,0.50232808
2001583,A,0.130321511,0.329129846
2001584,A,0.391765489,0.538977645
2001585,A,0.034574026,0.471856241
2001586,B,0.786614293,0.502590404
2001587,B,0.760455909,0.08953924
2001588,C,0.680203391,0.592712898
2001589,A,0.335408984,0.778363113
2001590,C,0.622472212,0.209694648
2001591,C,0.67125032,0.972199242
2001592,C,0.671078592,0.545898165
2001593,B,0.761120947,0.509560233
2001594,B,0.85779728,0.488881512
2001595,A,0.122892956,0.986111955
2001596,A,0.389753077,0.980914166
2001597,A,0.124985007,0.656990071
2001598,A,0.097013931,0.915624881
2001599,A,0.340932885,0.311978574
2001600,A,0.246728742,0.190961207
2001601,B,0.782073558,0.12110165
2001602,A,0.268208591,0.785003965
2001603,B,0.770802354,0.506609045
2001604,B,0.956133218,0.654222566
2001605,A,0.404758422,0.343769429
2001606,A,0.311898171,0.208035675
2001607,A,0.338205032,0.810592394
2001608,B,0.707758636,0.108129387
2001609,A,0.092484404,0.41476886
2001610,B,0.709710555,0.473783253
2001611,C,0.519257383,0.810257348
2001612,C,0.569837437,0.119659537
2001613,C,0.653255329,0.932247867
2001614,B,0.973538225,0.245854835
2001615,C,0.682291581,0.279466767
2001616,A,0.289487654,0.893053294
2001617,A,0.190891423,0.794503237
2001618,C,0.656001051,0.088437705
2001619,A,0.227511149,0.173205795
2001620,C,0.567510377,0.121507694
2001621,C,0.664579874,0.470608831
2001622,A,0.36603837,0.996166439
2001623,A,0.115670617,0.71835695
2001624,A,0.484375828,0.317763428
2001625,B,0.87551094,0.185640593
2001626,B,0.86037471,0.705929777
2001627,B,0.805105844,0.421478657
2001628,B,0.816050204,0.237893623
2001629,A,0.290767989,0.470725245
2001630,A,0.201796665,0.711693866
2001631,B,0.902503636,0.372964807
2001632,C,0.632990443,0.209362934
2001633,B,0.977231317,0.869720415
2001634,A,0.265177479,0.660120038
2001635,A,0.419090103,0.57547579
2001636,A,0.191703058,0.217217398
2001637,B,0.949928115,0.393164527
2001638,B,0.937775022,0.686738117
2001639,C,0.554994889,0.436064023
2001640,A,0.320209719,0.507936878
2001641,A,0.093818845,0.901401247
2001642,B,0.904527907,0.661865126
2001643,B,0.726573158,0.295082402
2001644,C,0.677843522,0.627835803
2001645,B,0.97032749,0.315769379
2001646,C,0.555840527,0.960732319
2001647,B,0.941414565,0.603537328
2001648,A,0.37469788,0.921878453
2001649,B,0.732874271,0.796782579
2001650,B,0.834057799,0.556553282
2001651,A,0.420673911,0.50158173
2001652,B,0.817407034,0.048199078
2001653,A,0.308793304,0.17495127
2001654,B,0.965092191,0.313646182
2001655,A,0.459327302,0.788783604
2001656,B,0.875993654,0.307323645
2001657,A,0.016248355,0.779813909
2001658,A,0.467754755,0.60233523
2001659,C,0.617784926,0.085837037
2001660,A,0.100332796,0.306153692
2001661,A,0.497280265,0.709900373
2001662,A,0.334655024,0.335297595
2001663,A,0.437080802,0.233309624
2001664,A,0.090068668,0.645562311
2001665,B,0.979595277,0.916821362
2001666,A,0.328198861,0.381091849
2001667,B,0.911703677,0.303433773
2001668,B,0.82514164,0.258013983
2001669,C,0.523409561,0.36574096
2001670,C,0.578804053,0.852139672
2001671,C,0.524765622,0.331064482
2001672,B,0.954178628,0.386442325
2001673,C,0.695463513,0.568321299
2001674,C,0.61339699,0.313711067
2001675,B,0.723613458,0.21283047
2001676,A,0.279842756,0.349486705
2001677,A,0.124518238,0.062136312
2001678,A,0.165673644,0.265937778
2001679,A,0.335100196,0.25925085
2001680,A,0.044443196,0.072990368
2001681,A,0.41216511,0.303364251
2001682,C,0.666656166,0.380246628
2001683,C,0.631715617,0.237662912
2001684,C,0.648593141,0.314965372
2001685,C,0.509220928,0.209440983
2001686,B,0.984873909,0.735964815
2001687,A,0.332615423,0.20783624
2001688,B,0.754900256,0.143266182
2001689,C,0.607638807,0.965316644
2001690,C,0.507832742,0.736744272
2001691,A,0.057356519,0.275905183
2001692,A,0.234339498,0.276225149
2001693,A,0.002188598,0.512798279
2001694,A,0.477647477,0.889005298
2001695,A,0.209718053,0.450137708
2001696,B,0.969719358,0.929366784
2001697,A,0.346770947,0.985501086
2001698,B,0.988651155,0.10550102
2001699,A,0.499763466,0.579024443
2001700,B,0.752435591,0.210636677
2001701,C,0.591981934,0.945245626
2001702,B,0.730444574,0.622890819
2001703,A,0.194285766,0.475377943
2001704,B,0.903831697,0.258312533
2001705,A,0.050867807,0.091305753
2001706,A,0.450831292,0.813036085
2001707,A,0.392572635,0.874249322
2001708,B,0.709747661,0.778264102
2001709,B,0.963692126,0.540789873
2001710,B,0.808997139,0.523736404
2001711,B,0.870267234,0.258907029
2001712,A,0.135937137,0.775475187
2001713,C,0.507427379,0.68913725
2001714,B,0.787000665,0.799222795
2001715,A,0.439713486,0.528249795
2001716,B,0.718559326,0.635416927
2001717,A,0.351991259,0.921238722
2001718,C,0.548057552,0.585086833
2001719,B,0.962542298,0.175194398
2001720,A,0.184029796,0.222627247
2001721,B,0.801059833,0.496382719
2001722,A,0.084067224,0.330637784
2001723,B,0.792361786,0.809286032
2001724,A,0.049188406,0.048328902
2001725,A,0.09910172,0.772538239
2001726,C,0.676990456,0.879703488
2001727,A,0.383805479,0.337682414
2001728,A,0.413734903,0.497504767
2001729,C,0.595382655,0.546272003
2001730,A,0.187854804,0.233019925
2001731,A,0.331107846,0.637950321
2001732,C,0.62122971,0.45876023
2001733,B,0.724473631,0.777803783
2001734,A,0.375957328,0.2096753
2001735,B,0.787574704,0.525383595
2001736,B,0.999535075,0.327210754
2001737,A,0.08121459,0.589450278
2001738,A,0.213904292,0.346257351
2001739,B,0.819165993,0.157092005
2001740,A,0.090662352,0.041271033
2001741,C,0.523565873,0.177756132
2001742,A,0.403894444,0.537464801
2001743,C,0.550500453,0.617177327
2001744,A,0.126847103,0.672802615
2001745,B,0.809265796,0.51287833
2001746,C,0.55514906,0.559451852
2001747,B,0.783685939,0.333752342
2001748,B,0.873958818,0.517957882
2001749,A,0.12864814,0.592196455
2001750,A,0.116894577,0.977219314
2001751,A,0.0738491,0.327832666
2001752,B,0.838123477,0.371338216
2001753,B,0.965039921,0.333109858
2001754,B,0.760099729,0.166266838
2001755,B,0.720677437,0.802719771
2001756,C,0.666624078,0.375812155
2001757,B,0.717253569,0.432853873
2001758,A,0.149055186,0.238095432
2001759,C,0.670521437,0.129789516
2001760,B,0.812679009,0.103436693
2001761,C,0.655969663,0.919513473
2001762,A,0.445542003,0.5849784
2001763,B,0.8935784,0.944196224
2001764,B,0.98449839,0.068141193
2001765,A,0.235128307,0.556765537
2001766,A,0.493313477,0.270717376
2001767,C,0.55445384,0.022255842
2001768,C,0.643067475,0.673014699
2001769,A,0.41789029,0.121760163
2001770,B,0.784585041,0.709398804
2001771,B,0.921480291,0.677311017
2001772,A,0.140462225,0.542529353
2001773,A,0.000391213,0.813909882
2001774,B,0.726223426,0.802365803
2001775,C,0.581296616,0.856345553
2001776,C,0.500735003,0.072878348
2001777,C,0.698402698,0.702754243
2001778,A,0.373033522,0.393840076
2001779,C,0.615920614,0.603671909
2001780,A,0.083549829,0.697816155
2001781,C,0.632660023,0.512405186
2001782,A,0.120432701,0.398184905
2001783,C,0.642958555,0.78526984
2001784,B,0.926134476,0.498613877
2001785,A,0.023050244,0.205472986
2001786,B,0.731144249,0.793718429
2001787,A,0.456202069,0.472379624
2001788,A,0.211636654,0.488872503
2001789,B,0.800227654,0.307022164
2001790,C,0.581602799,0.058181948
2001791,A,0.195045794,0.340952352
2001792,A,0.004363497,0.971876021
2001793,B,0.713197372,0.470410331
2001794,A,0.438998844,0.852097148
2001795,A,0.323161976,0.385139814
2001796,B,0.938328241,0.38163877
2001797,A,0.086435877,0.749468704
2001798,A,0.158390541,0.71054037
2001799,B,0.89960691,0.095858865
2001800,B,0.826455376,0.233516487
2001801,C,0.507976128,0.461738356
2001802,A,0.129545836,0.463174356
2001803,A,0.0230423,0.829331165
2001804,B,0.938728977,0.089025482
2001805,A,0.283724175,0.176545183
2001806,A,0.460944226,0.678299369
2001807,A,0.215756278,0.291150537
2001808,C,0.515880415,0.274921632
2001809,B,0.799521499,0.102282932
2001810,A,0.388254506,0.730577301
2001811,A,0.06935064,0.482623971
2001812,B,0.99812969,0.729408347
2001813,B,0.854970719,0.349725906
2001814,B,0.737462339,0.945778018
2001815,A,0.040472934,0.3207054
2001816,A,0.021806116,0.047497905
2001817,A,0.272638501,0.909858792
2001818,B,0.760757662,0.842025802
2001819,A,0.033022887,0.329739348
2001820,B,0.963500982,0.524448503
2001821,A,0.238141878,0.571012373
2001822,B,0.970887813,0.282937672
2001823,A,0.217889998,0.147838938
2001824,B,0.836777807,0.063198615
2001825,A,0.08258829,0.497289926
2001826,C,0.695619443,0.196750688
2001827,B,0.842079137,0.128287466
2001828,A,0.28486321,0.464443186
2001829,B,0.750291886,0.658431562
2001830,A,0.497168052,0.675369121
2001831,A,0.215869118,0.891762896
2001832,B,0.779959664,0.249796302
2001833,B,0.9760248,0.524941912
2001834,A,0.171840767,0.878390383
2001835,C,0.666781273,0.79899221
2001836,A,0.363855876,0.145841496
2001837,A,0.072634724,0.391630242
2001838,A,0.16460897,0.16267965
2001839,C,0.520009766,0.291597148
2001840,A,0.067116565,0.964682876
2001841,B,0.928382903,0.565053882
2001842,A,0.270470461,0.089789398
2001843,C,0.621965602,0.922648758
2001844,A,0.11317716,0.235646258
2001845,C,0.686622509,0.566087497
2001846,C,0.650297258,0.744127482
2001847,C,0.53986809,0.324497792
2001848,B,0.870683115,0.621849698
2001849,C,0.648293406,0.872084058
2001850,C,0.609812774,0.953966775
2001851,A,0.127931376,0.984830987
2001852,A,0.465286397,0.99656123
2001853,C,0.66052199,0.52511878
2001854,B,0.970473693,0.5957117
2001855,A,0.497254592,0.043938849
2001856,A,0.467442329,0.078260381
2001857,A,0.049128272,0.721393642
2001858,B,0.812337447,0.624486953
2001859,A,0.484788714,0.629660542
2001860,B,0.932929725,0.340838028
2001861,C,0.612941506,0.569950156
2001862,C,0.525832697,0.76087973
2001863,B,0.930003703,0.804726018
2001864,A,0.332543127,0.663377152
2001865,A,0.031069531,0.738651215
2001866,A,0.105024139,0.288829607
2001867,B,0.972592561,0.363340937
2001868,A,0.463583667,0.829067508
2001869,C,0.583644968,0.98982115
2001870,B,0.801612384,0.403767456
2001871,A,0.351816442,0.961983526
2001872,A,0.09351245,0.492185544
2001873,B,0.845807783,0.885115139
2001874,B,0.772599897,0.591770707
2001875,B,0.720544269,0.457601118
2001876,C,0.674768411,0.653303971
2001877,B,0.713835578,0.501706512
2001878,A,0.159350509,0.119448697
2001879,A,0.220997716,0.35713173
2001880,A,0.321982375,0.006500207
2001881,B,0.979064819,0.453691073
2001882,B,0.947316861,0.166925488
2001883,A,0.078003298,0.35827563
2001884,A,0.298441953,0.386719692
2001885,B,0.765915636,0.362668242
2001886,C,0.663198998,0.372599719
2001887,B,0.721976305,0.784617769
2001888,B,0.711126848,0.437666404
2001889,B,0.797350799,0.045062494
2001890,A,0.17680797,0.937716133
2001891,A,0.446648315,0.3085443
2001892,A,0.448281169,0.732983952
2001893,A,0.127671142,0.048533218
2001894,A,0.279402377,0.007502706
2001895,A,0.281902943,0.300374608
2001896,C,0.683539477,0.652114178
2001897,A,0.471513787,0.447650153
2001898,C,0.617009051,0.037556262
2001899,A,0.238648552,0.88420539
2001900,C,0.668984999,0.868108151
2001901,A,0.154955715,0.555710412
2001902,C,0.606953637,0.912675224
2001903,B,0.700237968,0.9241923
2001904,A,0.2360226,0.185881071
2001905,C,0.594466606,0.582634375
2001906,A,0.355736291,0.952754699
2001907,B,0.744736989,0.888349997
2001908,A,0.374655927,0.128108113
2001909,A,0.346086601,0.289288952
2001910,A,0.008578263,0.715151281
2001911,A,0.386935709,0.409762132
2001912,A,0.08035161,0.677296647
2001913,A,0.414593541,0.376588489
2001914,B,0.720439061,0.955017483
2001915,B,0.739217798,0.949344704
2001916,B,0.788847665,0.088759319
2001917,B,0.761606958,0.501240172
2001918,A,0.243946936,0.609565228
2001919,C,0.656523387,0.633516436
2001920,A,0.228552078,0.180001847
2001921,C,0.525863024,0.385967842
2001922,A,0.216270452,0.462905543
2001923,A,0.261537892,0.453937843
2001924,B,0.797981964,0.665695967
2001925,A,0.245683585,0.197069176
2001926,A,0.179664891,0.092424222
2001927,B,0.970838428,0.539803213
2001928,B,0.756611576,0.216019189
2001929,A,0.020541098,0.436953114
2001930,A,0.45356745,0.032618145
2001931,B,0.83568489,0.719632925
2001932,B,0.936159687,0.860167622
2001933,C,0.526277931,0.687146474
2001934,B,0.83492218,0.515614097
2001935,A,0.118568564,0.061527343
2001936,B,0.715350556,0.06887121
2001937,A,0.491123563,0.437758977
2001938,A,0.25909272,0.462540826
2001939,A,0.234507718,0.916755095
2001940,B,0.983529891,0.636839155
2001941,A,0.143196659,0.120532028
2001942,C,0.534877692,0.715275074
2001943,A,0.137402121,0.200154916
2001944,C,0.610919899,0.506860816
2001945,A,0.203395957,0.66720666
2001946,B,0.990405598,0.846983405
2001947,B,0.90812819,0.196868712
2001948,B,0.785987137,0.537149534
2001949,A,0.081749665,0.49436429
2001950,B,0.968421507,0.542541317
2001951,C,0.687219747,0.636234219
2001952,C,0.585781906,0.879314591
2001953,A,0.395661607,0.848517005
2001954,B,0.731692754,0.927436121
2001955,C,0.559201326,0.216235313
2001956,B,0.92994174,0.818986729
2001957,B,0.714182763,0.80148038
2001958,C,0.603749754,0.461968413
2001959,A,0.133270337,0.125192144
2001960,B,0.900085403,0.947712557
2001961,A,0.33172556,0.213305963
2001962,B,0.919831396,0.115419023
2001963,B,0.949518162,0.937645298
2001964,C,0.500263905,0.875304985
2001965,A,0.13844536,0.001829133
2001966,A,0.230759667,0.741791862
2001967,A,0.155374397,0.12793211
2001968,A,0.240370604,0.138790128
2001969,B,0.723872898,0.895390122
2001970,B,0.808999501,0.482161314
2001971,A,0.205902454,0.000198842
2001972,A,0.334452064,0.712013623
2001973,A,0.181206944,0.535975401
2001974,C,0.5084886,0.645241821
2001975,A,0.402015342,0.869301188
2001976,A,0.251182905,0.989891929
2001977,A,0.381368873,0.508054051
2001978,C,0.657719504,0.879287302
2001979,B,0.947238151,0.533029109
2001980,B,0.894294626,0.561495325
2001981,A,0.058471586,0.836832453
2001982,C,0.683365575,0.146462488
2001983,A,0.066458553,0.388460877
2001984,A,0.07909709,0.624016581
2001985,A,0.24297434,0.065157943
2001986,A,0.404022127,0.542686191
2001987,A,0.038718056,0.214065017
2001988,A,0.221834043,0.960126196
2001989,C,0.540245004,0.209569763
2001990,B,0.796806097,0.984863544
2001991,C,0.69697961,0.817233066
2001992,B,0.757512812,0.626758244
2001993,A,0.191700282,0.737986761
2001994,B,0.775071065,0.978444396
2001995,C,0.532830134,0.778344389
2001996,B,0.885581534,0.092296622
2001997,B,0.764664569,0.111880901
2001998,C,0.603468201,0.737548053
2001999,B,0.838289709,0.272456831
2002000,B,0.927120413,0.391611963
2002001,B,0.772588308,0.897303241
2002002,B,0.744202868,0.956167666
2002003,A,0.019435118,0.463162933
2002004,C,0.605534842,0.999835752
2002005,A,0.221908093,0.693950511
2002006,B,0.884730322,0.207883853
2002007,A,0.445609934,0.849324497
2002008,C,0.677561604,0.085826087
2002009,A,0.430618765,0.713434448
2002010,C,0.689706497,0.076078584
2002011,A,0.471842551,0.579054025
2002012,B,0.935443883,0.869473332
2002013,A,0.067436817,0.995334057
2002014,A,0.292758807,0.145088768
2002015,A,0.266475517,0.356109635
2002016,A,0.280245354,0.820289867
2002017,A,0.457667667,0.997544476
2002018,B,0.904247805,0.887787068
2002019,C,0.57276876,0.634242838
2002020,B,0.740451551,0.686823749
2002021,C,0.515571428,0.30171497
2002022,C,0.544709148,0.89423175
2002023,A,0.026008439,0.988172289
2002024,B,0.971096427,0.464746261
2002025,B,0.87158968,0.906149276
2002026,A,0.046722271,0.442275119
2002027,A,0.007391871,0.529776393
2002028,B,0.708923381,0.876484801
2002029,A,0.004043534,0.87917787
2002030,A,0.131622144,0.043308619
2002031,A,0.176126599,0.595380422
2002032,A,0.124233609,0.400829424
2002033,B,0.965635595,0.933930609
2002034,A,0.289872736,0.730226241
2002035,B,0.76293869,0.466030625
2002036,C,0.699468196,0.882118362
2002037,A,0.002168309,0.42868558
2002038,A,0.351894026,0.487307777
2002039,B,0.716044466,0.520778046
2002040,A,0.313397075,0.709316342
2002041,A,0.288083301,0.672931592
2002042,A,0.1765307,0.239727012
2002043,B,0.985189124,0.420998934
2002044,A,0.105958591,0.883167535
2002045,A,0.349721476,0.538164955
2002046,B,0.996238684,0.758562103
2002047,B,0.928160435,0.204183566
2002048,C,0.512791445,0.418780017
2002049,A,0.204527565,0.389590974
2002050,A,0.272841959,0.986233719
2002051,B,0.977019457,0.562997916
2002052,B,0.968826312,0.880580705
2002053,B,0.918533636,0.49370726
2002054,A,0.055709637,0.3812972
2002055,A,0.230132229,0.31787179
2002056,A,0.399756207,0.17742754
2002057,A,0.469876558,0.812755391
2002058,A,0.297267859,0.766695394
2002059,A,0.351642704,0.081252409
2002060,C,0.531636507,0.479582452
2002061,A,0.499221561,0.689419922
2002062,B,0.776150487,0.127440203
2002063,A,0.14544207,0.720989846
2002064,C,0.608642185,0.018368141
2002065,B,0.930140015,0.922221278
2002066,A,0.241569297,0.516342047
2002067,A,0.44663684,0.95686429
2002068,A,0.053767068,0.14992727
2002069,B,0.742032708,0.244921402
2002070,A,0.161059584,0.674737935
2002071,B,0.973501095,0.967890581
2002072,A,0.048214222,0.180911671
2002073,B,0.907327816,0.951143906
2002074,A,0.376358878,0.613724349
2002075,C,0.626683507,0.126336784
2002076,B,0.806800742,0.837247272
2002077,A,0.421683669,0.414227194
2002078,A,0.463968522,0.762861324
2002079,B,0.841958445,0.8184149
2002080,C,0.631065972,0.272645872
2002081,C,0.684326569,0.975145035
2002082,B,0.791360755,0.591593877
2002083,B,0.890528551,0.632206388
2002084,A,0.368070482,0.742443644
2002085,A,0.125655185,0.138868125
2002086,A,0.003309255,0.31250834
2002087,C,0.564228615,0.435559589
2002088,C,0.535038892,0.21136515
2002089,C,0.659847542,0.907351353
2002090,B,0.926631535,0.234061576
2002091,C,0.662142146,0.039989868
2002092,A,0.19041736,0.248569777
2002093,A,0.135870582,0.008861797
2002094,A,0.30053652,0.686112058
2002095,A,0.111004656,0.353032981
2002096,C,0.539337221,0.183884013
2002097,B,0.920100086,0.605537483
2002098,C,0.669088364,0.2086051
2002099,A,0.297278639,0.523302975
2002100,A,0.303801217,0.474221032
2002101,A,0.301004454,0.935085888
2002102,B,0.757084474,0.323008271
2002103,A,0.389995094,0.113208571
2002104,A,0.329269777,0.545602037
2002105,A,0.195082994,0.598135761
2002106,B,0.813784221,0.45640933
2002107,C,0.574582613,0.367656534
2002108,B,0.749315563,0.897868824
2002109,A,0.140155811,0.168266568
2002110,A,0.135590881,0.294803048
2002111,C,0.500369895,0.502136105
2002112,B,0.933345061,0.050678545
2002113,C,0.560490982,0.90617604
2002114,A,0.231890033,0.1694083
2002115,C,0.526198262,0.761389402
2002116,A,0.431479283,0.296720764
2002117,B,0.893539196,0.597635739
2002118,B,0.767278299,0.287001222
2002119,A,0.17100625,0.778717609
2002120,C,0.602800699,0.114234264
2002121,C,0.661568815,0.705482087
2002122,B,0.96589648,0.035337262
2002123,A,0.438639665,0.69714335
2002124,A,0.352606079,0.264571489
2002125,B,0.853818322,0.714803287
2002126,B,0.856431786,0.137723754
2002127,A,0.260157706,0.829815161
2002128,C,0.61859865,0.784010217
2002129,A,0.08073862,0.183499662
2002130,A,0.335478627,0.728200475
2002131,A,0.432895347,0.806081776
2002132,B,0.901982206,0.114484351
2002133,A,0.122923536,0.854018998
2002134,B,0.899066614,0.905434151
2002135,A,0.167415423,0.149023217
2002136,B,0.892768252,0.010182542
2002137,A,0.015672493,0.390639864
2002138,B,0.987810827,0.674705311
2002139,C,0.598839869,0.747821852
2002140,A,0.284343879,0.438493488
2002141,A,0.309057122,0.167234647
2002142,B,0.823195942,0.903561847
2002143,C,0.571211033,0.632073938
2002144,B,0.811373018,0.473032332
2002145,C,0.574941929,0.321476607
2002146,A,0.397990171,0.48393932
2002147,A,0.268417317,0.26699304
2002148,B,0.89531485,0.575988978
2002149,B,0.887830564,0.735955459
2002150,C,0.578318373,0.174942962
2002151,A,0.457975339,0.405888453
2002152,C,0.568674458,0.64596523
2002153,B,0.795438716,0.356588222
2002154,A,0.037523988,0.532988615
2002155,A,0.045564692,0.419681984
2002156,A,0.161156332,0.510622185
2002157,C,0.50027731,0.608026144
2002158,A,0.132771278,0.87316193
2002159,B,0.838151281,0.946921909
2002160,A,0.047777958,0.609676739
2002161,A,0.362893084,0.886030264
2002162,B,0.78558416,0.376413041
2002163,A,0.058080304,0.143048514
2002164,C,0.667049874,0.071663795
2002165,A,0.45349496,0.779704038
2002166,B,0.743566467,0.20265393
2002167,B,0.995545638,0.111659292
2002168,C,0.668374483,0.492738993
2002169,A,0.377679889,0.493975012
2002170,A,0.278386298,0.28935969
2002171,C,0.533932952,0.98281767
2002172,C,0.656713919,0.344448975
2002173,A,0.153943736,0.075086237
2002174,A,0.128423402,0.023703323
2002175,B,0.898878194,0.340751318
2002176,A,0.135432399,0.433142815
2002177,B,0.75605506,0.20454146
2002178,B,0.89072613,0.354485167
2002179,C,0.624336059,0.155836279
2002180,A,0.456420615,0.145123131
2002181,A,0.479536795,0.478105551
2002182,B,0.859023838,0.242136179
2002183,A,0.470565843,0.536766171
2002184,B,0.763974714,0.061907088
2002185,A,0.306103288,0.332478116
2002186,A,0.492483137,0.493616851
2002187,B,0.797464962,0.841784926
2002188,B,0.753470958,0.407789814
2002189,A,0.022617244,0.888979926
2002190,A,0.335663778,0.897776866
2002191,A,0.445886684,0.015318796
2002192,C,0.61089052,0.653107661
2002193,A,0.206512828,0.869193782
2002194,A,0.25658901,0.649299684
2002195,B,0.996216134,0.977841286
2002196,B,0.925488075,0.916041853
2002197,A,0.414865524,0.288421155
2002198,B,0.779010312,0.803635843
2002199,A,0.001926472,0.691430816
2002200,A,0.279854408,0.269665554
2002201,B,0.706300963,0.438569176
2002202,B,0.715798961,0.243590798
2002203,A,0.066085086,0.046694462
2002204,B,0.942756412,0.441279982
2002205,B,0.868270847,0.377684578
2002206,A,0.130584757,0.9052847
2002207,A,0.425473796,0.13125148
2002208,C,0.521400135,0.886974699
2002209,A,0.088702538,0.636981581
2002210,A,0.270585918,0.528521421
2002211,A,0.083822597,0.182183034
2002212,A,0.152943854,0.444088548
2002213,C,0.625339213,0.741908439
2002214,A,0.173859893,0.292401654
2002215,A,0.281551488,0.467591765
2002216,A,0.132044668,0.008149983
2002217,A,0.310035801,0.207536722
2002218,A,0.203209921,0.577856292
2002219,B,0.949556238,0.739727991
2002220,C,0.511149822,0.913182337
2002221,A,0.309174687,0.57351262
2002222,A,0.391698182,0.45946777
2002223,A,0.222847218,0.805159424
2002224,C,0.602240661,0.626702872
2002225,A,0.46328552,0.325315852
2002226,A,0.22262688,0.343164297
2002227,A,0.08182825,0.320395243
2002228,A,0.386872987,0.044960816
2002229,B,0.724476561,0.625757553
2002230,A,0.022453172,0.465623417
2002231,C,0.642769792,0.232806433
2002232,A,0.375503569,0.952935855
2002233,B,0.931899131,0.609777904
2002234,B,0.954842753,0.658365278
2002235,B,0.783819607,0.649452621
2002236,C,0.515736209,0.317011844
2002237,B,0.733745509,0.782652553
2002238,C,0.518162788,0.024251119
2002239,A,0.007282472,0.936825561
2002240,C,0.621610024,0.592764197
2002241,A,0.082112642,0.349148379
2002242,B,0.887901578,0.265403698
2002243,B,0.924604637,0.805859832
2002244,A,0.265348958,0.979638668
2002245,A,0.354598896,0.401088143
2002246,B,0.914023396,0.843585377
2002247,A,0.047589694,0.965816572
2002248,A,0.060516951,0.088528359
2002249,B,0.787488303,0.318604611
2002250,B,0.993428034,0.111093239
2002251,A,0.210912916,0.749441878
2002252,A,0.106165953,0.591731958
2002253,B,0.86366607,0.495996724
2002254,C,0.550611929,0.892914951
2002255,C,0.692516182,0.017642919
2002256,A,0.201867589,0.407285679
2002257,B,0.722631114,0.010069474
2002258,A,0.259834662,0.143087788
2002259,A,0.342210764,0.7827125
2002260,A,0.19454746,0.767411746
2002261,C,0.663948408,0.242185193
2002262,B,0.902918465,0.780475182
2002263,C,0.683357521,0.59991944
2002264,A,0.225307883,0.206684887
